frame_id,timestamp,psnr,ssim,contraste,filtro_usado,n_objetos,densidad_bordes,n_esquinas,n_keypoints_orb,h_media,s_media,v_media,tiempo_ms
0,0.0,,,63.341,gaussiano,12,0.09056,5238,500,0.3648,0.1542,0.5361,1912.8
1,0.017,,,63.158,gaussiano,10,0.09017,5011,500,0.3549,0.1553,0.5335,42.1
2,0.033,,,63.574,gaussiano,10,0.09017,5063,500,0.3618,0.1558,0.5349,32.8
3,0.05,,,63.514,gaussiano,10,0.09013,4893,500,0.3614,0.1556,0.5345,30.8
4,0.067,,,63.37,gaussiano,11,0.09058,4631,500,0.3536,0.1559,0.5337,31.6
5,0.083,,,63.322,gaussiano,11,0.09035,4929,500,0.3536,0.1557,0.5335,30.0
6,0.1,,,63.361,gaussiano,11,0.09098,4819,500,0.3553,0.1558,0.5332,29.1
7,0.117,,,63.27,gaussiano,13,0.09108,5017,500,0.3507,0.1575,0.5314,28.6
8,0.133,,,63.295,gaussiano,10,0.09218,5626,500,0.3488,0.1548,0.5335,30.2
9,0.15,,,63.192,gaussiano,10,0.09168,6150,500,0.3444,0.1563,0.5322,29.7
10,0.167,,,63.47,gaussiano,10,0.09249,5838,500,0.3485,0.1557,0.5344,29.7
11,0.183,,,63.324,gaussiano,10,0.09291,5529,500,0.3496,0.1549,0.5343,32.8
12,0.2,,,63.136,gaussiano,10,0.0932,5113,500,0.3475,0.1554,0.5323,29.7
13,0.217,,,63.326,gaussiano,10,0.09302,5402,500,0.3482,0.1554,0.5334,30.0
14,0.233,,,63.234,gaussiano,10,0.09307,6602,500,0.3485,0.1552,0.533,31.6
15,0.25,,,63.03,gaussiano,10,0.09308,6185,500,0.342,0.1566,0.5308,29.8
16,0.267,,,63.205,gaussiano,10,0.0936,5165,500,0.3477,0.1558,0.5318,30.0
17,0.283,,,63.343,gaussiano,11,0.09323,5477,500,0.3499,0.1556,0.5331,29.9
18,0.3,,,63.297,gaussiano,11,0.09367,6096,500,0.3491,0.156,0.5323,31.5
19,0.317,,,63.478,gaussiano,10,0.09306,6620,500,0.35,0.1559,0.5334,30.1
20,0.333,,,63.387,gaussiano,10,0.09268,6129,500,0.3501,0.1556,0.5335,32.1
21,0.35,,,63.36,gaussiano,10,0.09325,4534,500,0.3275,0.16,0.5319,29.8
22,0.367,,,63.637,gaussiano,10,0.09343,6141,500,0.3342,0.1599,0.5333,30.9
23,0.383,,,63.391,gaussiano,10,0.09355,6515,500,0.3329,0.1599,0.5319,31.4
24,0.4,,,63.398,gaussiano,10,0.09329,6444,500,0.3289,0.1598,0.5322,29.9
25,0.417,,,63.655,gaussiano,11,0.09323,6308,500,0.3353,0.1598,0.5332,29.6
26,0.433,,,63.409,gaussiano,10,0.09347,6328,500,0.3332,0.1595,0.5325,30.3
27,0.45,,,63.382,gaussiano,10,0.09343,6678,500,0.3291,0.1597,0.5322,29.7
28,0.467,,,63.673,gaussiano,11,0.09306,7853,500,0.3348,0.1596,0.5337,30.6
29,0.483,,,63.403,gaussiano,11,0.09311,7301,500,0.3355,0.1598,0.5323,31.2
30,0.5,,,63.382,gaussiano,10,0.09369,7022,500,0.3335,0.1598,0.5324,29.7
31,0.517,,,63.619,gaussiano,11,0.09402,7283,500,0.3469,0.1581,0.5343,30.8
32,0.533,,,63.455,gaussiano,11,0.09352,7187,500,0.3471,0.1581,0.533,29.6
33,0.55,,,63.393,gaussiano,11,0.09373,7515,500,0.3445,0.1579,0.5333,31.4
34,0.567,,,63.56,gaussiano,11,0.09405,6914,500,0.3482,0.158,0.5338,39.5
35,0.583,,,63.426,gaussiano,11,0.09392,8156,500,0.3479,0.1579,0.5329,29.6
36,0.6,,,63.415,gaussiano,11,0.09378,7845,500,0.3466,0.1583,0.5318,27.9
37,0.617,,,63.532,gaussiano,11,0.09388,7279,500,0.3469,0.1581,0.5333,28.4
38,0.633,,,63.455,gaussiano,11,0.09393,6919,500,0.3464,0.1583,0.5319,28.2
39,0.65,,,63.425,gaussiano,11,0.09336,7211,500,0.3456,0.1581,0.5325,28.1
40,0.667,,,63.564,gaussiano,11,0.09334,6710,500,0.3457,0.1581,0.5338,28.4
41,0.683,,,63.403,gaussiano,11,0.0938,6692,500,0.3457,0.158,0.5327,31.7
42,0.7,,,63.217,gaussiano,11,0.09393,6044,500,0.3394,0.1604,0.5293,29.5
43,0.717,,,63.389,gaussiano,11,0.0945,6287,500,0.3395,0.16,0.5304,28.9
44,0.733,,,63.14,gaussiano,11,0.09444,5737,500,0.3399,0.1599,0.5287,30.9
45,0.75,,,63.125,gaussiano,11,0.09413,7129,500,0.3382,0.1601,0.5288,30.3
46,0.767,,,63.381,gaussiano,11,0.09419,7853,500,0.34,0.1597,0.5308,29.0
47,0.783,,,63.343,gaussiano,11,0.09402,7740,500,0.3399,0.1592,0.5309,31.3
48,0.8,,,63.385,gaussiano,11,0.0937,7731,500,0.3402,0.1597,0.5306,30.0
49,0.817,,,63.576,gaussiano,11,0.0938,6628,500,0.344,0.1588,0.5326,29.0
50,0.833,,,63.374,gaussiano,11,0.09416,7166,500,0.3425,0.1586,0.5319,29.3
51,0.85,,,63.152,gaussiano,11,0.09387,7769,500,0.3389,0.16,0.5294,30.9
52,0.867,,,63.348,gaussiano,11,0.09366,6879,500,0.3411,0.1595,0.5305,28.9
53,0.883,,,63.093,gaussiano,11,0.09485,7265,500,0.3315,0.16,0.5293,28.7
54,0.9,,,63.076,gaussiano,11,0.09502,6848,500,0.3315,0.1601,0.5289,28.7
55,0.917,,,63.35,gaussiano,11,0.0954,7200,500,0.3361,0.1599,0.53,30.9
56,0.933,,,63.141,gaussiano,11,0.09504,7539,500,0.3325,0.1602,0.5284,29.0
57,0.95,,,63.553,gaussiano,11,0.09454,7006,500,0.3392,0.1589,0.5323,29.2
58,0.967,,,63.236,gaussiano,11,0.09486,7589,500,0.3309,0.1592,0.5301,28.4
59,0.983,,,63.314,gaussiano,10,0.09464,7369,500,0.331,0.1606,0.5283,28.3
60,1.0,,,63.325,gaussiano,11,0.09471,6931,500,0.3311,0.16,0.5293,28.0
61,1.017,,,63.199,gaussiano,11,0.09476,8392,500,0.3313,0.1606,0.5283,29.6
62,1.033,,,63.191,gaussiano,11,0.0945,8176,500,0.3313,0.1607,0.5281,30.6
63,1.05,,,63.436,gaussiano,11,0.09422,7211,500,0.3299,0.1605,0.5298,29.6
64,1.067,,,63.278,gaussiano,11,0.09448,6612,500,0.329,0.1595,0.5306,29.7
65,1.083,,,63.423,gaussiano,11,0.09494,7372,500,0.3294,0.1595,0.5309,33.0
66,1.1,,,63.509,gaussiano,11,0.09508,7530,500,0.3395,0.1582,0.5326,30.1
67,1.117,,,63.253,gaussiano,11,0.09514,7678,500,0.3306,0.1591,0.5306,29.4
68,1.133,,,63.321,gaussiano,11,0.09523,7240,500,0.3312,0.1598,0.5303,28.1
69,1.15,,,63.248,gaussiano,10,0.09518,6843,500,0.331,0.1596,0.5299,31.0
70,1.167,,,63.1,gaussiano,10,0.09515,7472,500,0.3306,0.1592,0.53,29.4
71,1.183,,,63.376,gaussiano,11,0.09511,7319,500,0.3308,0.1601,0.5301,29.2
72,1.2,,,63.23,gaussiano,11,0.09542,6429,500,0.3335,0.1597,0.5299,30.9
73,1.217,,,63.27,gaussiano,11,0.0951,7365,500,0.3329,0.1595,0.5305,30.0
74,1.233,,,63.465,gaussiano,10,0.09548,6424,500,0.3342,0.1601,0.531,29.0
75,1.25,,,63.538,gaussiano,11,0.09523,6675,500,0.3343,0.1601,0.531,29.0
76,1.267,,,63.395,gaussiano,11,0.09538,7062,500,0.3342,0.1602,0.5303,30.9
77,1.283,,,63.477,gaussiano,11,0.09526,6949,500,0.3343,0.1604,0.5307,29.8
78,1.3,,,63.458,gaussiano,11,0.09559,6579,500,0.3407,0.1599,0.5304,28.9
79,1.317,,,63.123,gaussiano,10,0.09565,6859,500,0.3337,0.1604,0.528,28.6
80,1.333,,,63.408,gaussiano,9,0.09542,6830,500,0.3346,0.1606,0.5298,28.4
81,1.35,,,63.42,gaussiano,9,0.09588,6574,500,0.3351,0.1603,0.5299,28.3
82,1.367,,,63.475,gaussiano,10,0.09549,6694,500,0.3339,0.1604,0.5303,31.8
83,1.383,,,63.526,gaussiano,11,0.0953,7338,500,0.3347,0.16,0.5312,29.2
84,1.4,,,63.513,gaussiano,10,0.09543,6757,500,0.3431,0.1582,0.5324,28.9
85,1.417,,,63.276,gaussiano,11,0.09605,7651,500,0.3358,0.1595,0.5301,29.0
86,1.433,,,63.349,gaussiano,8,0.09543,6689,500,0.336,0.1594,0.5304,30.6
87,1.45,,,63.29,gaussiano,8,0.09552,7335,500,0.3374,0.1589,0.5309,29.3
88,1.467,,,63.072,gaussiano,8,0.09543,7185,500,0.3365,0.1599,0.5288,29.4
89,1.483,,,63.262,gaussiano,8,0.09585,7706,500,0.3358,0.1602,0.5295,29.0
90,1.5,,,63.537,gaussiano,10,0.09596,7552,500,0.3456,0.1584,0.5321,30.0
91,1.517,,,63.187,gaussiano,10,0.09498,7279,500,0.3366,0.1592,0.5294,28.9
92,1.533,,,63.325,gaussiano,10,0.09529,7177,500,0.3369,0.1593,0.5303,29.3
93,1.55,,,63.57,gaussiano,11,0.09538,6779,500,0.345,0.1589,0.5323,32.9
94,1.567,,,63.298,gaussiano,11,0.09604,6306,500,0.3183,0.1632,0.5309,29.0
95,1.583,,,63.528,gaussiano,11,0.09579,6415,500,0.345,0.1607,0.5324,30.2
96,1.6,,,63.275,gaussiano,10,0.09546,7474,500,0.3242,0.163,0.53,31.1
97,1.617,,,63.485,gaussiano,11,0.09532,7832,500,0.3264,0.1628,0.5314,28.9
98,1.633,,,63.525,gaussiano,10,0.09551,7251,500,0.3261,0.1627,0.5315,29.4
99,1.65,,,63.348,gaussiano,11,0.09525,6053,500,0.3219,0.1635,0.5303,30.9
100,1.667,,,63.323,gaussiano,10,0.09522,6528,500,0.3232,0.1636,0.5295,29.1
101,1.683,,,63.289,gaussiano,11,0.09585,7874,500,0.3269,0.1635,0.5297,28.8
102,1.7,,,63.274,gaussiano,10,0.09529,6722,500,0.3256,0.1636,0.5294,28.9
103,1.717,,,63.307,gaussiano,9,0.09592,6812,500,0.3256,0.1635,0.5296,30.6
104,1.733,,,63.432,gaussiano,9,0.09674,7435,500,0.326,0.163,0.5311,29.1
105,1.75,,,63.432,gaussiano,8,0.09667,7620,500,0.3254,0.1637,0.5302,30.1
106,1.767,,,63.507,gaussiano,10,0.09678,6843,500,0.3263,0.1631,0.5312,29.2
107,1.783,,,63.446,gaussiano,9,0.0974,6480,500,0.3266,0.1628,0.5313,30.3
108,1.8,,,63.412,gaussiano,10,0.09741,6811,500,0.3268,0.1631,0.5308,28.8
109,1.817,,,63.502,gaussiano,8,0.09695,7058,500,0.3275,0.1634,0.5309,28.9
110,1.833,,,63.488,gaussiano,8,0.09699,7613,500,0.3265,0.1632,0.5307,30.6
111,1.85,,,63.46,gaussiano,10,0.09673,7156,500,0.3257,0.1641,0.5295,31.2
112,1.867,,,63.548,gaussiano,10,0.0968,8177,500,0.3273,0.1633,0.5309,29.9
113,1.883,,,63.519,gaussiano,10,0.09705,7991,500,0.3271,0.1634,0.5305,30.6
114,1.9,,,63.439,gaussiano,10,0.09719,6768,500,0.3251,0.1652,0.5295,29.1
115,1.917,,,63.572,gaussiano,9,0.09655,6574,500,0.325,0.1655,0.5296,29.8
116,1.933,,,63.471,gaussiano,10,0.09772,6332,500,0.3248,0.1652,0.5294,31.4
117,1.95,,,63.478,gaussiano,9,0.09682,6925,500,0.3256,0.1654,0.5294,29.3
118,1.967,,,63.649,gaussiano,11,0.09673,7287,500,0.3273,0.165,0.5306,30.0
119,1.983,,,63.526,gaussiano,8,0.09677,7084,500,0.3272,0.1648,0.5299,28.9
120,2.0,,,63.423,gaussiano,10,0.09654,7430,500,0.3273,0.165,0.5295,28.3
121,2.017,,,63.678,gaussiano,10,0.09704,5426,500,0.3273,0.1639,0.5309,28.5
122,2.033,,,63.633,gaussiano,10,0.0968,5538,500,0.3269,0.1639,0.5305,28.0
123,2.05,,,63.554,gaussiano,10,0.09702,5239,500,0.3256,0.1639,0.5301,28.9
124,2.067,,,63.696,gaussiano,9,0.09694,6340,500,0.3278,0.1642,0.5309,31.4
125,2.083,,,63.666,gaussiano,9,0.09672,6046,500,0.329,0.1642,0.5305,29.9
126,2.1,,,63.532,gaussiano,10,0.09618,6560,500,0.3276,0.1639,0.5301,29.0
127,2.117,,,63.696,gaussiano,9,0.0966,5519,500,0.3296,0.1641,0.5303,30.7
128,2.133,,,63.3,gaussiano,10,0.09492,4785,500,0.2902,0.1662,0.5291,30.8
129,2.15,,,63.344,gaussiano,9,0.09518,4164,500,0.2903,0.1663,0.529,28.9
130,2.167,,,63.571,gaussiano,11,0.09535,3821,500,0.2908,0.1661,0.5303,29.1
131,2.183,,,63.516,gaussiano,11,0.09534,3967,500,0.2901,0.1658,0.5305,31.0
132,2.2,,,63.61,gaussiano,11,0.09463,5195,500,0.2902,0.1657,0.5306,29.1
133,2.217,,,63.772,gaussiano,11,0.09385,6244,500,0.2893,0.1657,0.5318,31.3
134,2.233,,,63.481,gaussiano,8,0.09393,5095,500,0.2909,0.166,0.5302,29.0
135,2.25,,,63.371,gaussiano,11,0.09416,4965,500,0.2907,0.1671,0.5283,29.1
136,2.267,,,63.466,gaussiano,9,0.09374,4213,500,0.2918,0.1666,0.5299,28.8
137,2.283,,,63.284,gaussiano,11,0.09419,4706,500,0.2913,0.1666,0.5287,33.2
138,2.3,,,63.533,gaussiano,10,0.09508,4192,500,0.2892,0.1694,0.5296,29.9
139,2.317,,,63.722,gaussiano,10,0.0952,5213,500,0.2889,0.1693,0.5301,29.2
140,2.333,,,63.534,gaussiano,11,0.09405,4343,500,0.289,0.1682,0.5306,28.8
141,2.35,,,63.646,gaussiano,11,0.09466,4773,500,0.2899,0.1694,0.5298,28.3
142,2.367,,,63.911,gaussiano,10,0.09488,4902,500,0.2904,0.1679,0.5329,28.0
143,2.383,,,63.647,gaussiano,11,0.09487,4595,500,0.2902,0.1681,0.5309,28.0
144,2.4,,,63.558,gaussiano,11,0.09479,4977,500,0.2928,0.1694,0.5289,28.2
145,2.417,,,63.735,gaussiano,10,0.09455,4189,500,0.2925,0.1695,0.5293,30.5
146,2.433,,,63.525,gaussiano,11,0.0944,4819,500,0.2925,0.1696,0.5279,28.6
147,2.45,,,63.568,gaussiano,11,0.09444,4232,500,0.2922,0.1696,0.5288,28.7
148,2.467,,,63.665,gaussiano,11,0.09532,5327,500,0.2928,0.1677,0.5301,30.9
149,2.483,,,63.697,gaussiano,11,0.09518,4277,500,0.2925,0.167,0.531,29.4
150,2.5,,,63.802,gaussiano,10,0.09464,4436,500,0.2921,0.1679,0.5303,29.6
151,2.517,,,63.789,gaussiano,11,0.09497,4621,500,0.2927,0.1679,0.5302,30.6
152,2.533,,,63.778,gaussiano,10,0.09424,4170,500,0.2935,0.1674,0.5307,29.2
153,2.55,,,63.838,gaussiano,10,0.09479,4438,500,0.2943,0.1675,0.5303,28.0
154,2.567,,,63.811,gaussiano,10,0.09551,4790,500,0.295,0.168,0.5297,32.5
155,2.583,,,63.794,gaussiano,11,0.09517,4199,500,0.2966,0.1676,0.5303,32.7
156,2.6,,,63.852,gaussiano,10,0.0956,4380,500,0.2966,0.1678,0.5303,31.6
157,2.617,,,63.909,gaussiano,10,0.09512,5242,500,0.296,0.1679,0.5302,29.3
158,2.633,,,63.638,gaussiano,9,0.0956,5315,500,0.295,0.1686,0.5301,29.8
159,2.65,,,63.686,gaussiano,10,0.09572,5426,500,0.2959,0.1689,0.5299,32.6
160,2.667,,,63.933,gaussiano,11,0.09571,5027,500,0.2976,0.1691,0.531,30.4
161,2.683,,,63.686,gaussiano,10,0.0955,4950,500,0.2982,0.1689,0.5298,31.9
162,2.7,,,63.726,gaussiano,10,0.09565,5507,500,0.2992,0.169,0.5297,30.2
163,2.717,,,63.971,gaussiano,10,0.09539,4368,500,0.3022,0.1689,0.5304,33.1
164,2.733,,,63.734,gaussiano,9,0.09581,5349,500,0.3005,0.1688,0.5294,29.3
165,2.75,,,63.81,gaussiano,10,0.09603,4506,500,0.3007,0.1692,0.529,29.6
166,2.767,,,64.024,gaussiano,10,0.09611,4645,500,0.3002,0.1692,0.5301,29.7
167,2.783,,,63.819,gaussiano,9,0.09603,4658,500,0.3011,0.1693,0.5288,31.3
168,2.8,,,63.925,gaussiano,8,0.09669,4119,500,0.3002,0.1702,0.528,30.6
169,2.817,,,64.004,gaussiano,9,0.09575,4281,500,0.3016,0.1696,0.5275,29.4
170,2.833,,,63.77,gaussiano,8,0.09599,4603,500,0.2987,0.1699,0.5254,29.6
171,2.85,,,63.903,gaussiano,8,0.09592,5267,500,0.2998,0.1701,0.526,30.1
172,2.867,,,64.072,gaussiano,9,0.09614,5342,500,0.3001,0.1698,0.5273,32.6
173,2.883,,,64.041,gaussiano,8,0.09627,5405,500,0.3008,0.1694,0.5276,29.9
174,2.9,,,64.216,gaussiano,8,0.09639,5547,500,0.301,0.1695,0.5279,29.5
175,2.917,,,64.16,gaussiano,9,0.09564,4731,500,0.3015,0.1694,0.5275,32.9
176,2.933,,,64.113,gaussiano,9,0.09582,4206,500,0.2992,0.1698,0.5273,29.1
177,2.95,,,64.129,gaussiano,9,0.09585,4096,500,0.2993,0.1703,0.5272,27.9
178,2.967,,,63.993,gaussiano,8,0.09546,4517,500,0.2998,0.1697,0.5266,28.3
179,2.983,,,63.804,gaussiano,8,0.09623,5740,500,0.2973,0.1698,0.5259,31.8
180,3.0,,,63.952,gaussiano,9,0.09664,5033,500,0.2987,0.1715,0.5261,29.7
181,3.017,,,64.175,gaussiano,8,0.09615,5045,500,0.3059,0.17,0.5283,28.9
182,3.033,,,63.961,gaussiano,9,0.09619,5289,500,0.2993,0.1712,0.5264,29.1
183,3.05,,,63.934,gaussiano,9,0.09632,5318,500,0.2994,0.1711,0.5262,28.3
184,3.067,,,64.154,gaussiano,9,0.09657,5414,500,0.2993,0.1704,0.528,29.1
185,3.083,,,63.99,gaussiano,9,0.09573,4220,500,0.3017,0.1706,0.5275,31.5
186,3.1,,,64.032,gaussiano,9,0.09568,4010,500,0.3048,0.1707,0.5275,29.4
187,3.117,,,64.0,gaussiano,9,0.09592,3978,500,0.3068,0.1697,0.5285,29.7
188,3.133,,,63.938,gaussiano,9,0.09631,4552,500,0.3035,0.1704,0.5276,32.3
189,3.15,,,63.99,gaussiano,10,0.09624,5623,500,0.3032,0.1705,0.5278,29.1
190,3.167,,,63.945,gaussiano,9,0.09604,4780,500,0.3035,0.1701,0.5281,29.1
191,3.183,,,63.746,gaussiano,9,0.09669,5812,500,0.2919,0.1727,0.5278,29.5
192,3.2,,,64.071,gaussiano,9,0.09644,4365,500,0.3006,0.1694,0.5299,30.6
193,3.217,,,63.75,gaussiano,10,0.09668,4043,500,0.2922,0.1727,0.5273,29.3
194,3.233,,,63.945,gaussiano,9,0.0963,4905,500,0.2922,0.1728,0.5282,29.0
195,3.25,,,64.03,gaussiano,10,0.0967,4589,500,0.2925,0.1721,0.5297,29.1
196,3.267,,,63.776,gaussiano,10,0.09641,4319,500,0.2924,0.1727,0.528,31.1
197,3.283,,,64.108,gaussiano,9,0.09639,4147,500,0.2911,0.1726,0.5294,29.2
198,3.3,,,64.099,gaussiano,9,0.09604,4085,500,0.2946,0.1719,0.5299,29.2
199,3.317,,,63.808,gaussiano,9,0.09575,4838,500,0.2903,0.1727,0.528,29.2
200,3.333,,,64.06,gaussiano,9,0.09617,5361,500,0.2916,0.1725,0.5287,29.2
201,3.35,,,63.982,gaussiano,9,0.09619,5232,500,0.291,0.1721,0.5295,29.6
202,3.367,,,63.814,gaussiano,10,0.09729,6019,500,0.2917,0.1731,0.5288,31.0
203,3.383,,,63.86,gaussiano,10,0.09715,5854,500,0.2948,0.1733,0.5281,29.4
204,3.4,,,63.677,gaussiano,11,0.09709,5977,500,0.2987,0.172,0.5284,28.9
205,3.417,,,63.689,gaussiano,9,0.09685,4687,500,0.293,0.1731,0.5274,29.8
206,3.433,,,63.782,gaussiano,10,0.09653,4565,500,0.2933,0.173,0.5279,30.9
207,3.45,,,63.87,gaussiano,11,0.09729,5931,500,0.2929,0.1719,0.5296,29.6
208,3.467,,,63.678,gaussiano,9,0.09708,5690,500,0.2923,0.1728,0.5284,29.8
209,3.483,,,63.897,gaussiano,10,0.09664,4579,500,0.293,0.1726,0.5302,30.9
210,3.5,,,63.833,gaussiano,10,0.09706,5505,500,0.2924,0.1725,0.5297,30.6
211,3.517,,,63.697,gaussiano,9,0.09686,5641,500,0.2923,0.1726,0.5292,28.9
212,3.533,,,63.797,gaussiano,9,0.09783,6786,500,0.2945,0.1712,0.5293,29.1
213,3.55,,,63.705,gaussiano,9,0.09785,6835,500,0.2944,0.1707,0.529,31.1
214,3.567,,,63.612,gaussiano,9,0.09733,6235,500,0.2939,0.1715,0.5282,29.3
215,3.583,,,63.798,gaussiano,10,0.09617,6830,500,0.2942,0.1711,0.5298,29.0
216,3.6,,,63.634,gaussiano,10,0.0968,6175,500,0.2957,0.17,0.5304,31.3
217,3.617,,,63.872,gaussiano,9,0.0971,5781,500,0.2948,0.1711,0.5296,29.0
218,3.633,,,63.77,gaussiano,10,0.09758,5777,500,0.2952,0.1709,0.5295,29.1
219,3.65,,,63.745,gaussiano,10,0.0973,5101,500,0.2955,0.17,0.5301,31.7
220,3.667,,,63.785,gaussiano,10,0.09655,5442,500,0.2957,0.1706,0.5297,30.4
221,3.683,,,63.908,gaussiano,10,0.09666,6133,500,0.2946,0.171,0.5295,29.1
222,3.7,,,63.834,gaussiano,10,0.09704,5962,500,0.2949,0.1697,0.5304,28.7
223,3.717,,,63.865,gaussiano,10,0.09704,5916,500,0.2949,0.1697,0.5307,28.5
224,3.733,,,63.879,gaussiano,10,0.09721,6322,500,0.2954,0.1696,0.531,28.2
225,3.75,,,63.785,gaussiano,10,0.09692,6009,500,0.2944,0.1697,0.5301,28.0
226,3.767,,,63.88,gaussiano,10,0.09701,5918,500,0.2922,0.1701,0.5308,28.8
227,3.783,,,63.951,gaussiano,12,0.09774,6625,500,0.2939,0.1694,0.5321,29.7
228,3.8,,,63.844,gaussiano,11,0.09702,5970,500,0.2941,0.1695,0.531,29.0
229,3.817,,,63.802,gaussiano,11,0.09757,4892,500,0.2916,0.1693,0.5312,28.8
230,3.833,,,63.905,gaussiano,10,0.0971,4938,500,0.2939,0.1692,0.532,30.9
231,3.85,,,63.914,gaussiano,11,0.09692,5727,500,0.295,0.1693,0.5319,29.4
232,3.867,,,63.844,gaussiano,10,0.09707,3899,500,0.288,0.1722,0.5306,28.8
233,3.883,,,64.004,gaussiano,11,0.09736,4374,500,0.2898,0.172,0.5313,29.2
234,3.9,,,63.812,gaussiano,11,0.09721,4697,500,0.2895,0.1717,0.5305,29.1
235,3.917,,,63.857,gaussiano,11,0.09695,5244,500,0.2889,0.172,0.5312,28.9
236,3.933,,,64.076,gaussiano,11,0.09765,5998,500,0.3011,0.1712,0.5325,29.7
237,3.95,,,63.782,gaussiano,10,0.09697,3767,500,0.2891,0.1718,0.5308,32.2
238,3.967,,,63.865,gaussiano,11,0.09707,5982,500,0.2885,0.1719,0.5312,28.9
239,3.983,,,63.962,gaussiano,11,0.09763,4787,500,0.291,0.1714,0.5313,28.8
240,4.0,,,63.753,gaussiano,10,0.09679,5013,500,0.2909,0.1711,0.5306,28.7
241,4.017,,,63.861,gaussiano,10,0.09719,5028,500,0.2896,0.1716,0.5313,29.8
242,4.033,,,64.065,gaussiano,11,0.09699,5467,500,0.3104,0.1681,0.533,29.0
243,4.05,,,63.821,gaussiano,10,0.09673,4488,500,0.3055,0.1675,0.5311,28.8
244,4.067,,,63.782,gaussiano,10,0.09645,5013,500,0.3053,0.168,0.5315,28.5
245,4.083,,,64.018,gaussiano,11,0.0972,5123,500,0.3108,0.1678,0.5328,28.2
246,4.1,,,63.803,gaussiano,9,0.09703,5512,500,0.3055,0.1674,0.5313,27.9
247,4.117,,,63.734,gaussiano,10,0.09691,6497,500,0.307,0.1674,0.531,28.8
248,4.133,,,64.002,gaussiano,12,0.09681,6244,500,0.3108,0.1673,0.5329,31.3
249,4.15,,,63.673,gaussiano,12,0.09753,6402,500,0.293,0.1685,0.5313,29.3
250,4.167,,,63.715,gaussiano,10,0.09765,6562,500,0.2929,0.1687,0.5308,29.3
251,4.183,,,63.851,gaussiano,11,0.09776,6397,500,0.2935,0.1686,0.5316,30.8
252,4.2,,,63.661,gaussiano,11,0.0974,6477,500,0.2928,0.1685,0.531,29.1
253,4.217,,,63.665,gaussiano,11,0.09745,6476,500,0.293,0.1685,0.5309,28.9
254,4.233,,,63.922,gaussiano,11,0.09731,6491,500,0.2986,0.1682,0.5324,30.8
255,4.25,,,63.7,gaussiano,10,0.09719,6423,500,0.293,0.1684,0.5314,29.7
256,4.267,,,63.625,gaussiano,9,0.09453,5609,500,0.3173,0.1692,0.531,29.8
257,4.283,,,63.792,gaussiano,9,0.09397,6030,500,0.3205,0.168,0.5317,29.3
258,4.3,,,63.446,gaussiano,8,0.09347,5681,500,0.3166,0.1684,0.53,30.6
259,4.317,,,63.523,gaussiano,10,0.0936,5930,500,0.319,0.1688,0.5299,29.2
260,4.333,,,63.791,gaussiano,11,0.09322,5532,500,0.3351,0.1676,0.5316,29.1
261,4.35,,,63.519,gaussiano,11,0.09358,5975,500,0.3209,0.1681,0.5305,29.4
262,4.367,,,63.616,gaussiano,9,0.09342,4826,500,0.3211,0.1685,0.5304,30.8
263,4.383,,,63.756,gaussiano,9,0.09304,5580,500,0.3225,0.1686,0.5307,29.1
264,4.4,,,63.581,gaussiano,9,0.0933,5584,500,0.3207,0.169,0.5296,28.8
265,4.417,,,63.553,gaussiano,10,0.09316,6326,500,0.3192,0.1692,0.5299,28.4
266,4.433,,,63.542,gaussiano,9,0.09366,6203,500,0.3231,0.169,0.5291,28.3
267,4.45,,,63.222,gaussiano,10,0.09597,6855,500,0.3093,0.169,0.5276,28.1
268,4.467,,,63.324,gaussiano,10,0.09565,7209,500,0.3087,0.1692,0.5283,30.4
269,4.483,,,63.439,gaussiano,9,0.09576,7110,500,0.311,0.1692,0.5284,32.2
270,4.5,,,63.33,gaussiano,10,0.09591,7729,500,0.3099,0.1687,0.529,29.3
271,4.517,,,63.559,gaussiano,10,0.09575,6460,500,0.3119,0.1687,0.5299,30.0
272,4.533,,,63.846,gaussiano,9,0.09558,7617,500,0.3193,0.168,0.5316,31.9
273,4.55,,,63.533,gaussiano,9,0.09588,7166,500,0.3119,0.1688,0.5298,29.1
274,4.567,,,63.67,gaussiano,8,0.09568,6981,500,0.3137,0.1689,0.5306,29.4
275,4.583,,,63.865,gaussiano,9,0.09499,5955,500,0.3197,0.1688,0.5314,29.7
276,4.6,,,63.325,gaussiano,9,0.09511,4895,500,0.3107,0.169,0.5281,31.1
277,4.617,,,63.339,gaussiano,9,0.09571,4568,500,0.3105,0.1696,0.5276,29.1
278,4.633,,,63.528,gaussiano,10,0.09593,4735,500,0.326,0.1648,0.5276,28.9
279,4.65,,,63.372,gaussiano,9,0.09613,4678,500,0.3237,0.1649,0.527,31.0
280,4.667,,,63.536,gaussiano,9,0.09623,5107,500,0.3244,0.1648,0.5277,29.2
281,4.683,,,63.601,gaussiano,10,0.09646,5003,500,0.3266,0.1646,0.528,29.0
282,4.7,,,63.623,gaussiano,10,0.09582,4499,500,0.325,0.1648,0.528,31.5
283,4.717,,,63.641,gaussiano,10,0.09541,4722,500,0.3276,0.1642,0.5288,29.2
284,4.733,,,63.589,gaussiano,10,0.09545,4118,500,0.3256,0.1642,0.5284,29.0
285,4.75,,,63.64,gaussiano,9,0.09527,5134,500,0.3239,0.1643,0.5284,28.9
286,4.767,,,63.602,gaussiano,10,0.09523,6135,500,0.3245,0.1643,0.528,28.6
287,4.783,,,63.551,gaussiano,10,0.09521,7466,500,0.3263,0.1643,0.5283,28.2
288,4.8,,,63.347,gaussiano,9,0.09594,7875,500,0.3228,0.1648,0.5269,28.5
289,4.817,,,63.684,gaussiano,10,0.09635,8026,500,0.3273,0.1643,0.528,30.7
290,4.833,,,63.629,gaussiano,11,0.09599,7001,500,0.3296,0.1633,0.5285,29.6
291,4.85,,,63.656,gaussiano,10,0.09537,6583,500,0.3273,0.1641,0.5279,29.1
292,4.867,,,63.689,gaussiano,10,0.09636,6632,500,0.3281,0.1639,0.5285,29.3
293,4.883,,,63.723,gaussiano,10,0.09589,6281,500,0.3315,0.1639,0.5288,30.8
294,4.9,,,63.676,gaussiano,10,0.09593,6703,500,0.3307,0.1639,0.5291,29.0
295,4.917,,,63.659,gaussiano,10,0.09615,6465,500,0.3284,0.164,0.5288,28.8
296,4.933,,,63.65,gaussiano,10,0.09514,6732,500,0.3284,0.164,0.5285,31.2
297,4.95,,,63.456,gaussiano,10,0.0957,7069,500,0.3292,0.164,0.5265,29.6
298,4.967,,,63.648,gaussiano,10,0.09549,6258,500,0.329,0.1639,0.5283,33.6
299,4.983,,,63.513,gaussiano,11,0.09512,6337,500,0.3315,0.1629,0.5289,29.6
300,5.0,,,63.494,gaussiano,9,0.09519,6681,500,0.3171,0.1651,0.5285,31.8
301,5.017,,,63.697,gaussiano,9,0.09624,8431,500,0.3166,0.1654,0.5295,30.6
302,5.033,,,63.598,gaussiano,10,0.09568,8089,500,0.321,0.165,0.5289,31.4
303,5.05,,,63.508,gaussiano,11,0.09572,8069,500,0.317,0.1651,0.5286,29.6
304,5.067,,,63.492,gaussiano,10,0.09567,7140,500,0.317,0.1654,0.5282,30.9
305,5.083,,,63.423,gaussiano,10,0.09626,6954,500,0.3168,0.1654,0.528,30.9
306,5.1,,,63.478,gaussiano,9,0.09559,6469,500,0.317,0.1653,0.5283,31.9
307,5.117,,,63.485,gaussiano,9,0.09546,6354,500,0.3169,0.1655,0.5281,30.1
308,5.133,,,63.528,gaussiano,11,0.09517,6271,500,0.3227,0.1646,0.5289,31.6
309,5.15,,,63.529,gaussiano,10,0.09571,6605,500,0.3171,0.1653,0.5284,31.4
310,5.167,,,63.704,gaussiano,11,0.09546,7289,500,0.3166,0.1651,0.5301,29.4
311,5.183,,,63.662,gaussiano,10,0.09567,7360,500,0.3176,0.1637,0.5298,31.5
312,5.2,,,63.661,gaussiano,10,0.09568,7195,500,0.3157,0.1646,0.5293,31.4
313,5.217,,,63.704,gaussiano,10,0.09559,7287,500,0.3159,0.1649,0.5288,29.4
314,5.233,,,63.65,gaussiano,10,0.09579,7562,500,0.3158,0.1639,0.5294,31.3
315,5.25,,,63.469,gaussiano,10,0.09576,6070,500,0.3153,0.1652,0.5264,29.2
316,5.267,,,63.63,gaussiano,11,0.09625,6099,500,0.3164,0.1648,0.5281,29.0
317,5.283,,,63.662,gaussiano,11,0.0961,6724,500,0.3175,0.1639,0.5293,31.1
318,5.3,,,63.668,gaussiano,11,0.09553,6944,500,0.3158,0.1645,0.5289,30.6
319,5.317,,,63.68,gaussiano,11,0.09591,8266,500,0.3175,0.1641,0.5292,29.8
320,5.333,,,63.676,gaussiano,11,0.09619,7847,500,0.3172,0.1641,0.5291,32.9
321,5.35,,,63.671,gaussiano,11,0.09608,7367,500,0.3158,0.1648,0.5283,29.4
322,5.367,,,63.734,gaussiano,10,0.09565,7534,500,0.3222,0.1657,0.5274,29.5
323,5.383,,,63.702,gaussiano,10,0.09549,7824,500,0.3222,0.1657,0.5267,31.8
324,5.4,,,63.586,gaussiano,10,0.09595,7830,500,0.322,0.1657,0.5265,29.8
325,5.417,,,63.739,gaussiano,10,0.09614,7670,500,0.3219,0.1656,0.5277,29.9
326,5.433,,,63.688,gaussiano,11,0.0961,7196,500,0.3219,0.1657,0.5274,29.0
327,5.45,,,63.854,gaussiano,10,0.09625,5683,500,0.3221,0.1657,0.5277,29.1
328,5.467,,,63.779,gaussiano,11,0.09593,6120,500,0.3221,0.1657,0.5271,27.9
329,5.483,,,63.746,gaussiano,10,0.09598,6344,500,0.3221,0.1658,0.5271,27.9
330,5.5,,,63.882,gaussiano,10,0.09623,6948,500,0.3221,0.166,0.5272,28.3
331,5.517,,,63.747,gaussiano,10,0.09557,7867,500,0.3217,0.1663,0.5264,29.6
332,5.533,,,63.783,gaussiano,10,0.09541,8161,500,0.3216,0.1662,0.5271,29.1
333,5.55,,,63.815,gaussiano,10,0.09521,7302,500,0.3169,0.167,0.5275,29.3
334,5.567,,,63.963,gaussiano,9,0.09575,7600,500,0.317,0.1671,0.5279,30.7
335,5.583,,,63.732,gaussiano,10,0.09536,5930,500,0.3175,0.1669,0.5273,30.6
336,5.6,,,63.792,gaussiano,10,0.0955,6843,500,0.3171,0.167,0.5277,29.0
337,5.617,,,63.89,gaussiano,11,0.0944,6529,500,0.3174,0.1672,0.5281,29.0
338,5.633,,,63.736,gaussiano,10,0.09523,6496,500,0.3174,0.1674,0.527,29.5
339,5.65,,,63.809,gaussiano,10,0.09566,7701,500,0.3168,0.1675,0.5276,29.0
340,5.667,,,63.977,gaussiano,11,0.09549,6364,500,0.3169,0.168,0.5276,31.0
341,5.683,,,63.757,gaussiano,9,0.09566,6041,500,0.3167,0.1681,0.5265,29.7
342,5.7,,,63.76,gaussiano,11,0.09496,7884,500,0.3175,0.1678,0.5272,28.9
343,5.717,,,63.922,gaussiano,11,0.09523,7116,500,0.3176,0.1678,0.5277,28.9
344,5.733,,,63.513,gaussiano,11,0.0955,6695,500,0.314,0.1671,0.5269,30.8
345,5.75,,,63.633,gaussiano,10,0.09556,6647,500,0.3139,0.1684,0.5261,29.4
346,5.767,,,63.582,gaussiano,10,0.09569,6332,500,0.3136,0.1683,0.5259,29.0
347,5.783,,,63.456,gaussiano,11,0.09594,6889,500,0.3138,0.1676,0.5264,28.6
348,5.8,,,63.456,gaussiano,9,0.09567,5936,500,0.3138,0.168,0.5259,28.3
349,5.817,,,63.528,gaussiano,11,0.09523,6366,500,0.3134,0.1681,0.5262,27.9
350,5.833,,,63.504,gaussiano,10,0.09497,6644,500,0.3134,0.1678,0.5267,28.0
351,5.85,,,63.601,gaussiano,10,0.09554,6232,500,0.3131,0.1679,0.5268,28.1
352,5.867,,,63.78,gaussiano,10,0.09484,7268,500,0.3164,0.1679,0.5276,33.6
353,5.883,,,63.501,gaussiano,10,0.0953,6681,500,0.3141,0.1676,0.527,29.1
354,5.9,,,63.605,gaussiano,11,0.09546,6996,500,0.3134,0.1697,0.5246,29.8
355,5.917,,,63.449,gaussiano,10,0.09565,6502,500,0.3204,0.1683,0.5254,31.4
356,5.933,,,63.236,gaussiano,10,0.09573,6751,500,0.3188,0.1684,0.5243,30.8
357,5.95,,,63.357,gaussiano,10,0.09621,7705,500,0.318,0.1686,0.5248,28.6
358,5.967,,,63.481,gaussiano,10,0.0956,7233,500,0.3193,0.1686,0.5254,31.1
359,5.983,,,63.483,gaussiano,11,0.09642,7082,500,0.3193,0.1687,0.5254,31.5
360,6.0,,,63.689,gaussiano,11,0.09617,6671,500,0.3183,0.1689,0.5259,28.9
361,6.017,,,63.575,gaussiano,11,0.09522,6253,500,0.3207,0.1688,0.5255,29.0
362,6.033,,,63.466,gaussiano,10,0.09593,7286,500,0.32,0.1689,0.5253,31.3
363,6.05,,,63.53,gaussiano,10,0.09562,6815,500,0.3198,0.1691,0.5251,28.9
364,6.067,,,63.503,gaussiano,10,0.09554,6352,500,0.3195,0.1691,0.5252,28.7
365,6.083,,,63.343,gaussiano,10,0.0956,7074,500,0.319,0.1691,0.524,28.7
366,6.1,,,63.423,gaussiano,12,0.0956,7006,500,0.3115,0.1706,0.524,29.6
367,6.117,,,63.437,gaussiano,10,0.09541,6541,500,0.3132,0.1705,0.5237,29.6
368,6.133,,,63.322,gaussiano,10,0.09631,7343,500,0.3125,0.1694,0.5254,29.4
369,6.15,,,63.521,gaussiano,10,0.09586,7726,500,0.3122,0.1704,0.5248,30.0
370,6.167,,,63.871,gaussiano,10,0.0958,6547,500,0.3191,0.1697,0.5269,28.0
371,6.183,,,63.456,gaussiano,11,0.09555,6672,500,0.3113,0.1704,0.5246,28.4
372,6.2,,,63.457,gaussiano,10,0.09595,7387,500,0.3107,0.1708,0.524,30.0
373,6.217,,,63.474,gaussiano,10,0.09598,6661,500,0.3116,0.1712,0.5233,31.1
374,6.233,,,63.394,gaussiano,9,0.09605,6766,500,0.3105,0.1711,0.5229,28.9
375,6.25,,,63.564,gaussiano,11,0.09609,7404,500,0.3091,0.172,0.5242,31.6
376,6.267,,,63.521,gaussiano,9,0.09588,8176,500,0.3175,0.172,0.5234,29.9
377,6.283,,,63.563,gaussiano,11,0.0964,7565,500,0.3096,0.1721,0.5246,29.1
378,6.3,,,63.619,gaussiano,10,0.09591,6164,500,0.3101,0.1722,0.5242,29.0
379,6.317,,,63.774,gaussiano,10,0.09645,7095,500,0.3119,0.1716,0.5258,30.9
380,6.333,,,63.501,gaussiano,10,0.0962,7315,500,0.3122,0.1721,0.5243,29.8
381,6.35,,,63.485,gaussiano,10,0.09641,7519,500,0.3117,0.1722,0.5233,29.0
382,6.367,,,63.517,gaussiano,10,0.0965,7741,500,0.3179,0.172,0.5231,28.9
383,6.383,,,63.372,gaussiano,10,0.09646,7824,500,0.3137,0.172,0.5223,30.8
384,6.4,,,63.601,gaussiano,10,0.09383,7508,500,0.3371,0.1722,0.5221,29.5
385,6.417,,,63.516,gaussiano,10,0.09336,7390,500,0.3368,0.1723,0.5214,29.1
386,6.433,,,63.212,gaussiano,9,0.09325,8226,500,0.3264,0.1727,0.5207,31.4
387,6.45,,,63.491,gaussiano,11,0.09278,7432,500,0.3303,0.1726,0.5215,29.7
388,6.467,,,63.615,gaussiano,11,0.09294,7490,500,0.3349,0.1709,0.5245,28.6
389,6.483,,,63.467,gaussiano,10,0.09318,7448,500,0.3304,0.1719,0.523,28.4
390,6.5,,,63.605,gaussiano,10,0.09315,7598,500,0.3311,0.1726,0.5222,28.4
391,6.517,,,63.504,gaussiano,10,0.09351,8400,500,0.3304,0.1718,0.523,28.1
392,6.533,,,63.415,gaussiano,10,0.09277,7635,500,0.328,0.1727,0.5225,27.9
393,6.55,,,63.479,gaussiano,11,0.09339,7417,500,0.3292,0.1732,0.522,31.4
394,6.567,,,63.397,gaussiano,11,0.09347,8044,500,0.3298,0.1729,0.5221,29.2
395,6.583,,,63.696,gaussiano,11,0.09508,7674,500,0.3201,0.1745,0.5231,30.3
396,6.6,,,63.472,gaussiano,10,0.09509,8716,500,0.3201,0.1741,0.5232,28.7
397,6.617,,,63.423,gaussiano,10,0.09519,8131,500,0.3205,0.1746,0.5224,31.4
398,6.633,,,63.764,gaussiano,10,0.09479,7496,500,0.3199,0.1751,0.5228,29.0
399,6.65,,,63.695,gaussiano,10,0.09448,8859,500,0.3199,0.1747,0.523,28.7
400,6.667,,,63.667,gaussiano,10,0.09465,9290,500,0.3202,0.1751,0.5221,30.5
401,6.683,,,63.777,gaussiano,10,0.09447,8501,500,0.32,0.1753,0.5223,29.0
402,6.7,,,63.642,gaussiano,10,0.09423,7812,500,0.3188,0.1753,0.5217,29.3
403,6.717,,,63.623,gaussiano,10,0.09408,8409,500,0.3169,0.1757,0.5214,29.2
404,6.733,,,63.721,gaussiano,10,0.09428,9037,500,0.3179,0.1755,0.5223,30.9
405,6.75,,,63.679,gaussiano,10,0.09395,7702,500,0.3177,0.1756,0.5217,29.2
406,6.767,,,63.542,gaussiano,10,0.0952,7448,500,0.3073,0.1766,0.5217,31.8
407,6.783,,,63.693,gaussiano,10,0.09506,6770,500,0.3069,0.1766,0.5223,30.6
408,6.8,,,63.515,gaussiano,10,0.09553,7296,500,0.3063,0.1764,0.5219,29.0
409,6.817,,,63.544,gaussiano,10,0.09551,7917,500,0.3061,0.1765,0.5224,28.9
410,6.833,,,63.74,gaussiano,10,0.09581,7594,500,0.3056,0.1766,0.5234,28.9
411,6.85,,,63.684,gaussiano,10,0.09559,7458,500,0.3054,0.1766,0.523,30.9
412,6.867,,,63.678,gaussiano,10,0.09558,7392,500,0.3064,0.1766,0.523,29.0
413,6.883,,,63.878,gaussiano,10,0.09533,7652,500,0.3066,0.1766,0.5242,28.6
414,6.9,,,63.829,gaussiano,10,0.09597,8325,500,0.3064,0.1765,0.5237,30.5
415,6.917,,,63.687,gaussiano,10,0.09513,8836,500,0.3065,0.1762,0.5235,29.3
416,6.933,,,63.812,gaussiano,10,0.09527,8079,500,0.3073,0.1761,0.524,28.7
417,6.95,,,63.738,gaussiano,10,0.09527,9066,500,0.3051,0.1749,0.5246,29.1
418,6.967,,,63.814,gaussiano,10,0.096,9072,500,0.3052,0.1751,0.5247,33.0
419,6.983,,,63.908,gaussiano,10,0.09551,9221,500,0.305,0.175,0.525,28.8
420,7.0,,,63.757,gaussiano,10,0.09568,9005,500,0.305,0.1746,0.5248,28.5
421,7.017,,,63.761,gaussiano,10,0.09587,9117,500,0.3033,0.1748,0.525,28.6
422,7.033,,,63.799,gaussiano,10,0.09509,7408,500,0.3055,0.1743,0.5254,29.1
423,7.05,,,63.77,gaussiano,10,0.09489,7837,500,0.3057,0.1742,0.525,30.8
424,7.067,,,63.849,gaussiano,10,0.09507,7561,500,0.3058,0.1745,0.5253,33.7
425,7.083,,,63.902,gaussiano,10,0.09501,7491,500,0.3054,0.1746,0.525,31.3
426,7.1,,,63.898,gaussiano,10,0.09536,7126,500,0.3049,0.1745,0.5253,29.0
427,7.117,,,63.987,gaussiano,10,0.09576,7107,500,0.3022,0.1754,0.5254,29.4
428,7.133,,,64.142,gaussiano,10,0.09573,7245,500,0.3048,0.1751,0.5259,34.2
429,7.15,,,64.068,gaussiano,10,0.09541,7457,500,0.3041,0.1754,0.5254,31.3
430,7.167,,,64.055,gaussiano,10,0.09497,7817,500,0.304,0.1756,0.5251,29.0
431,7.183,,,64.251,gaussiano,10,0.09512,7488,500,0.3045,0.1757,0.5259,28.8
432,7.2,,,64.15,gaussiano,10,0.09514,7806,500,0.3046,0.1757,0.5257,28.6
433,7.217,,,64.145,gaussiano,10,0.09537,7618,500,0.3027,0.1762,0.5253,28.4
434,7.233,,,64.324,gaussiano,10,0.09545,7262,500,0.304,0.176,0.5263,29.1
435,7.25,,,64.118,gaussiano,10,0.09501,7560,500,0.3035,0.1767,0.5253,31.0
436,7.267,,,64.148,gaussiano,10,0.09473,7496,500,0.3031,0.1768,0.5253,29.8
437,7.283,,,64.26,gaussiano,10,0.09511,7886,500,0.3035,0.177,0.5261,28.7
438,7.3,,,64.101,gaussiano,10,0.09561,8779,500,0.3038,0.1772,0.5256,29.0
439,7.317,,,64.153,gaussiano,10,0.09596,8169,500,0.3001,0.1814,0.5254,30.8
440,7.333,,,64.361,gaussiano,10,0.09583,7582,500,0.3011,0.1818,0.5256,28.7
441,7.35,,,64.063,gaussiano,10,0.09585,8057,500,0.3004,0.1819,0.5244,28.9
442,7.367,,,64.102,gaussiano,10,0.09555,7357,500,0.3008,0.1819,0.5245,31.0
443,7.383,,,64.266,gaussiano,10,0.09485,7820,500,0.3069,0.1817,0.5255,31.0
444,7.4,,,64.067,gaussiano,10,0.09547,8506,500,0.3011,0.182,0.5247,31.6
445,7.417,,,64.097,gaussiano,10,0.09493,8651,500,0.3011,0.1821,0.5248,33.2
446,7.433,,,64.235,gaussiano,10,0.0947,7563,500,0.3013,0.1822,0.5253,31.0
447,7.45,,,63.994,gaussiano,10,0.09492,7640,500,0.3013,0.1825,0.5241,33.5
448,7.467,,,64.027,gaussiano,10,0.095,7642,500,0.3014,0.1825,0.5241,29.8
449,7.483,,,64.184,gaussiano,10,0.0951,7051,500,0.3101,0.1822,0.5249,31.9
450,7.5,,,63.88,gaussiano,10,0.09524,7908,500,0.2962,0.1828,0.5241,31.5
451,7.517,,,63.955,gaussiano,10,0.09565,7653,500,0.2965,0.1829,0.5243,29.5
452,7.533,,,64.139,gaussiano,10,0.09507,7459,500,0.2964,0.1831,0.525,31.2
453,7.55,,,63.87,gaussiano,10,0.09474,8786,500,0.2971,0.1829,0.5242,30.8
454,7.567,,,63.879,gaussiano,10,0.09544,8993,500,0.2969,0.1828,0.5243,31.4
455,7.583,,,64.093,gaussiano,10,0.09547,8985,500,0.3041,0.1829,0.5247,31.0
456,7.6,,,63.838,gaussiano,10,0.09552,9069,500,0.2975,0.1831,0.5239,29.5
457,7.617,,,63.878,gaussiano,10,0.09526,8796,500,0.2975,0.1831,0.524,31.7
458,7.633,,,64.049,gaussiano,10,0.09564,8244,500,0.2978,0.1835,0.5241,30.5
459,7.65,,,63.875,gaussiano,10,0.09535,8034,500,0.2975,0.1831,0.5242,32.2
460,7.667,,,64.0,gaussiano,10,0.0956,6082,500,0.2982,0.1832,0.5247,29.3
461,7.683,,,64.241,gaussiano,10,0.09584,7528,500,0.3057,0.1823,0.5251,29.2
462,7.7,,,63.916,gaussiano,10,0.09564,6192,500,0.3042,0.183,0.5234,31.2
463,7.717,,,63.966,gaussiano,10,0.09594,7567,500,0.3052,0.1833,0.523,30.8
464,7.733,,,64.096,gaussiano,10,0.09555,7548,500,0.3055,0.1825,0.5245,29.3
465,7.75,,,63.779,gaussiano,10,0.09568,6461,500,0.3038,0.1832,0.5231,29.2
466,7.767,,,63.946,gaussiano,10,0.096,7067,500,0.3046,0.1829,0.523,32.1
467,7.783,,,64.178,gaussiano,10,0.09614,6703,500,0.306,0.1823,0.5247,29.4
468,7.8,,,63.817,gaussiano,10,0.09595,6609,500,0.3074,0.1829,0.5226,31.0
469,7.817,,,63.981,gaussiano,10,0.09552,6446,500,0.3072,0.1834,0.5226,30.9
470,7.833,,,64.171,gaussiano,10,0.09582,6425,500,0.3055,0.1829,0.5239,29.1
471,7.85,,,63.887,gaussiano,10,0.09665,6801,500,0.3034,0.1834,0.5224,28.8
472,7.867,,,64.131,gaussiano,10,0.09615,9118,500,0.2943,0.1914,0.523,28.5
473,7.883,,,64.101,gaussiano,10,0.09553,9408,500,0.2975,0.191,0.5226,28.4
474,7.9,,,63.957,gaussiano,10,0.09633,8134,500,0.296,0.1914,0.523,28.1
475,7.917,,,64.104,gaussiano,10,0.09584,7748,500,0.2952,0.1918,0.523,29.7
476,7.933,,,64.089,gaussiano,11,0.09529,8107,500,0.2961,0.191,0.5238,30.9
477,7.95,,,64.027,gaussiano,10,0.09538,8123,500,0.2954,0.1915,0.5228,28.9
478,7.967,,,64.119,gaussiano,10,0.09625,8079,500,0.2955,0.1914,0.5229,28.8
479,7.983,,,64.057,gaussiano,10,0.09541,8098,500,0.2955,0.1911,0.5227,31.2
480,8.0,,,63.997,gaussiano,10,0.09625,8291,500,0.296,0.1913,0.5225,29.8
481,8.017,,,64.019,gaussiano,10,0.09589,9196,500,0.2954,0.191,0.523,29.0
482,8.033,,,63.99,gaussiano,10,0.09588,8924,500,0.2959,0.1902,0.5237,29.7
483,8.05,,,63.719,gaussiano,10,0.09646,8082,500,0.2818,0.1923,0.5233,31.5
484,8.067,,,63.84,gaussiano,10,0.09625,7723,500,0.2826,0.1923,0.523,29.7
485,8.083,,,63.786,gaussiano,10,0.0964,9040,500,0.2868,0.1912,0.5243,28.7
486,8.1,,,63.619,gaussiano,10,0.09594,8850,500,0.2831,0.1913,0.5233,29.6
487,8.117,,,63.644,gaussiano,10,0.09575,8842,500,0.2828,0.1909,0.5236,30.9
488,8.133,,,63.793,gaussiano,10,0.09619,8710,500,0.2826,0.1904,0.525,28.8
489,8.15,,,63.594,gaussiano,10,0.09606,8527,500,0.2835,0.1904,0.5239,30.6
490,8.167,,,63.759,gaussiano,10,0.09634,7252,500,0.3053,0.1873,0.5262,30.6
491,8.183,,,63.538,gaussiano,10,0.09663,7552,500,0.2869,0.1892,0.5244,29.1
492,8.2,,,63.746,gaussiano,10,0.09679,5061,500,0.2864,0.189,0.5254,28.6
493,8.217,,,63.749,gaussiano,10,0.09648,7865,500,0.2866,0.1887,0.5257,28.3
494,8.233,,,63.467,gaussiano,10,0.0977,5698,500,0.2816,0.191,0.5245,28.4
495,8.25,,,63.681,gaussiano,10,0.09723,6817,500,0.2826,0.1908,0.5257,27.9
496,8.267,,,63.693,gaussiano,10,0.09736,5723,500,0.2845,0.1902,0.5262,29.0
497,8.283,,,63.466,gaussiano,10,0.09749,5740,500,0.2833,0.19,0.5254,31.3
498,8.3,,,63.688,gaussiano,10,0.09773,6071,500,0.2851,0.1897,0.5264,30.9
499,8.317,,,63.549,gaussiano,10,0.09793,6252,500,0.2838,0.1897,0.5259,29.2
500,8.333,,,63.455,gaussiano,10,0.09758,6135,500,0.2836,0.1898,0.5251,31.6
501,8.35,,,63.677,gaussiano,10,0.0976,5978,500,0.2832,0.1895,0.5265,31.4
502,8.367,,,63.639,gaussiano,10,0.09746,6623,500,0.2868,0.189,0.5265,29.0
503,8.383,,,63.454,gaussiano,10,0.09752,6496,500,0.2842,0.1895,0.5253,28.6
504,8.4,,,63.847,gaussiano,10,0.09707,8670,500,0.2963,0.1882,0.5261,31.8
505,8.417,,,63.718,gaussiano,10,0.09722,7288,500,0.2972,0.1883,0.5253,29.3
506,8.433,,,63.572,gaussiano,10,0.09724,7637,500,0.2975,0.1885,0.5242,29.0
507,8.45,,,63.773,gaussiano,10,0.09693,7631,500,0.2973,0.1883,0.5257,32.0
508,8.467,,,63.671,gaussiano,11,0.09733,7995,500,0.2973,0.188,0.5253,29.4
509,8.483,,,63.657,gaussiano,10,0.09693,8554,500,0.298,0.1883,0.5246,29.1
510,8.5,,,63.792,gaussiano,10,0.09706,8649,500,0.2971,0.1883,0.5256,28.7
511,8.517,,,63.73,gaussiano,10,0.09723,6878,500,0.298,0.1885,0.5248,32.0
512,8.533,,,63.421,gaussiano,9,0.09583,7775,500,0.2863,0.1926,0.5254,29.1
513,8.55,,,63.607,gaussiano,9,0.09544,7650,500,0.3005,0.1903,0.5253,29.2
514,8.567,,,63.56,gaussiano,9,0.09553,7183,500,0.2949,0.1902,0.526,31.7
515,8.583,,,63.356,gaussiano,9,0.09519,6028,500,0.2862,0.1922,0.5248,29.2
516,8.6,,,63.656,gaussiano,9,0.09486,7940,500,0.2924,0.1919,0.5266,29.3
517,8.617,,,63.633,gaussiano,9,0.09468,7495,500,0.2883,0.1923,0.5262,31.7
518,8.633,,,63.416,gaussiano,9,0.09506,7621,500,0.2884,0.1927,0.525,29.2
519,8.65,,,63.61,gaussiano,9,0.09496,7860,500,0.2912,0.1924,0.5258,29.0
520,8.667,,,63.496,gaussiano,9,0.0959,7558,500,0.2899,0.192,0.5257,29.1
521,8.683,,,63.416,gaussiano,9,0.0958,7914,500,0.2895,0.1923,0.5252,30.5
522,8.7,,,63.666,gaussiano,9,0.09558,7620,500,0.302,0.1887,0.5248,29.4
523,8.717,,,63.596,gaussiano,9,0.0958,7961,500,0.2997,0.1885,0.5248,29.2
524,8.733,,,63.46,gaussiano,9,0.09544,7538,500,0.2939,0.1899,0.5247,30.8
525,8.75,,,63.641,gaussiano,9,0.09493,7784,500,0.3018,0.1886,0.5252,29.2
526,8.767,,,63.528,gaussiano,9,0.09569,7943,500,0.2955,0.1897,0.5248,28.8
527,8.783,,,63.426,gaussiano,9,0.0958,7530,500,0.2911,0.1903,0.5248,29.2
528,8.8,,,63.662,gaussiano,9,0.09563,7478,500,0.3006,0.1889,0.5255,30.6
529,8.817,,,63.483,gaussiano,9,0.09539,7403,500,0.2951,0.1905,0.5246,29.2
530,8.833,,,63.403,gaussiano,9,0.09584,7901,500,0.2889,0.1918,0.5249,29.2
531,8.85,,,63.627,gaussiano,9,0.09547,8247,500,0.3003,0.1891,0.5258,31.3
532,8.867,,,63.355,gaussiano,9,0.09542,8597,500,0.2863,0.1892,0.5245,29.5
533,8.883,,,63.367,gaussiano,9,0.0954,7762,500,0.2843,0.1896,0.5244,29.3
534,8.9,,,63.555,gaussiano,9,0.09498,7925,500,0.2883,0.1893,0.5249,28.1
535,8.917,,,63.422,gaussiano,9,0.0956,8778,500,0.2859,0.1891,0.525,27.9
536,8.933,,,63.467,gaussiano,9,0.0955,9111,500,0.2853,0.1896,0.5247,28.0
537,8.95,,,63.589,gaussiano,9,0.09498,8579,500,0.286,0.1892,0.5255,28.1
538,8.967,,,63.414,gaussiano,9,0.09552,9173,500,0.286,0.1891,0.525,29.2
539,8.983,,,63.439,gaussiano,9,0.09589,8924,500,0.2865,0.1898,0.5243,32.2
540,9.0,,,63.571,gaussiano,9,0.09627,8431,500,0.2895,0.1892,0.5255,29.1
541,9.017,,,63.491,gaussiano,9,0.09558,8065,500,0.2872,0.1893,0.5251,29.4
542,9.033,,,63.487,gaussiano,9,0.09565,8596,500,0.2884,0.1912,0.5247,31.3
543,9.05,,,63.699,gaussiano,9,0.09606,9159,500,0.2921,0.1908,0.5257,29.1
544,9.067,,,63.39,gaussiano,10,0.0952,8238,500,0.2895,0.1904,0.5244,29.4
545,9.083,,,63.446,gaussiano,10,0.0959,8335,500,0.2882,0.1907,0.5247,29.0
546,9.1,,,63.619,gaussiano,10,0.09574,8138,500,0.2957,0.19,0.5258,29.9
547,9.117,,,63.424,gaussiano,9,0.09553,8028,500,0.2876,0.1905,0.5253,28.9
548,9.133,,,63.39,gaussiano,9,0.09539,8284,500,0.2883,0.1902,0.5255,29.6
549,9.15,,,63.643,gaussiano,9,0.09581,7338,500,0.29,0.1903,0.5263,31.8
550,9.167,,,63.365,gaussiano,9,0.09562,7651,500,0.2872,0.1906,0.5249,29.2
551,9.183,,,63.417,gaussiano,9,0.09554,7911,500,0.2876,0.1906,0.5251,29.1
552,9.2,,,63.717,gaussiano,9,0.09632,7737,500,0.3099,0.187,0.5263,28.9
553,9.217,,,63.587,gaussiano,9,0.0962,8055,500,0.306,0.1867,0.5263,29.2
554,9.233,,,63.738,gaussiano,9,0.0961,8484,500,0.3079,0.1868,0.526,29.0
555,9.25,,,63.774,gaussiano,9,0.09627,8773,500,0.3063,0.1864,0.5267,29.1
556,9.267,,,63.645,gaussiano,9,0.09632,8677,500,0.3076,0.1863,0.5266,28.7
557,9.283,,,63.558,gaussiano,9,0.0961,7987,500,0.294,0.1887,0.5251,28.1
558,9.3,,,63.721,gaussiano,10,0.09606,8906,500,0.3085,0.1871,0.5259,27.9
559,9.317,,,63.467,gaussiano,9,0.09609,8392,500,0.2921,0.1893,0.5254,28.3
560,9.333,,,63.513,gaussiano,9,0.09557,7884,500,0.2921,0.1893,0.5251,32.1
561,9.35,,,63.719,gaussiano,9,0.09581,7945,500,0.3106,0.1868,0.5267,28.9
562,9.367,,,63.419,gaussiano,9,0.09591,8352,500,0.2901,0.1894,0.5252,29.0
563,9.383,,,63.558,gaussiano,9,0.0957,6791,500,0.2938,0.1886,0.5243,31.0
564,9.4,,,63.679,gaussiano,9,0.09574,5720,500,0.2994,0.1881,0.5251,29.2
565,9.417,,,63.383,gaussiano,9,0.09583,4945,500,0.2921,0.1881,0.5242,29.8
566,9.433,,,63.48,gaussiano,9,0.09612,8010,500,0.2934,0.188,0.5246,30.7
567,9.45,,,63.684,gaussiano,9,0.09553,7923,500,0.3006,0.1879,0.5252,31.0
568,9.467,,,63.429,gaussiano,10,0.09562,8296,500,0.2928,0.1882,0.5238,28.8
569,9.483,,,63.529,gaussiano,9,0.09559,8768,500,0.2932,0.1883,0.5242,28.8
570,9.5,,,63.664,gaussiano,9,0.096,8135,500,0.2993,0.1887,0.5243,31.1
571,9.517,,,63.477,gaussiano,9,0.0955,7883,500,0.291,0.1893,0.5236,29.1
572,9.533,,,63.617,gaussiano,9,0.09576,7664,500,0.2943,0.1888,0.5245,28.8
573,9.55,,,63.708,gaussiano,9,0.09557,8272,500,0.2996,0.1885,0.5247,28.6
574,9.567,,,63.417,gaussiano,9,0.09625,8090,500,0.2974,0.1885,0.5236,31.1
575,9.583,,,63.545,gaussiano,9,0.09603,8517,500,0.2963,0.1887,0.5236,28.9
576,9.6,,,63.763,gaussiano,9,0.09637,8054,500,0.3031,0.1885,0.5245,28.7
577,9.617,,,63.474,gaussiano,9,0.09623,8655,500,0.2969,0.1887,0.5232,28.3
578,9.633,,,63.537,gaussiano,9,0.09607,8955,500,0.2963,0.1888,0.5235,28.4
579,9.65,,,63.761,gaussiano,9,0.09614,7757,500,0.2966,0.1889,0.5244,28.2
580,9.667,,,63.427,gaussiano,9,0.09615,7992,500,0.2965,0.1888,0.5232,30.6
581,9.683,,,63.553,gaussiano,9,0.09557,7830,500,0.2969,0.189,0.5231,30.5
582,9.7,,,63.735,gaussiano,9,0.09632,8472,500,0.3066,0.1886,0.5243,28.9
583,9.717,,,63.455,gaussiano,9,0.0967,9123,500,0.2961,0.1892,0.523,29.5
584,9.733,,,63.529,gaussiano,9,0.09587,8392,500,0.2965,0.1891,0.5232,31.7
585,9.75,,,63.741,gaussiano,9,0.09626,7252,500,0.3158,0.1844,0.5236,30.5
586,9.767,,,63.513,gaussiano,9,0.09585,7562,500,0.3008,0.1869,0.5225,29.6
587,9.783,,,63.829,gaussiano,9,0.09595,7129,500,0.3114,0.1861,0.5234,31.5
588,9.8,,,63.74,gaussiano,9,0.09595,7421,500,0.315,0.1843,0.5238,29.6
589,9.817,,,63.529,gaussiano,9,0.09649,8189,500,0.3043,0.1872,0.5219,30.4
590,9.833,,,63.838,gaussiano,9,0.09619,7660,500,0.3103,0.1864,0.5228,30.5
591,9.85,,,63.757,gaussiano,9,0.09606,7586,500,0.3157,0.1846,0.5231,29.8
592,9.867,,,63.539,gaussiano,9,0.09602,7925,500,0.3038,0.1874,0.5218,31.7
593,9.883,,,63.773,gaussiano,9,0.09676,5343,500,0.3146,0.1858,0.5228,31.0
594,9.9,,,63.777,gaussiano,9,0.09587,4797,500,0.3162,0.1846,0.5237,31.5
595,9.917,,,63.613,gaussiano,9,0.09611,5682,500,0.3047,0.1867,0.5222,29.6
596,9.933,,,63.98,gaussiano,9,0.09583,5401,500,0.3184,0.1851,0.5231,31.4
597,9.95,,,63.852,gaussiano,9,0.09612,4992,500,0.3179,0.1852,0.5226,31.6
598,9.967,,,63.512,gaussiano,9,0.09602,4838,500,0.3068,0.1863,0.5211,31.4
599,9.983,,,63.951,gaussiano,9,0.0958,4765,500,0.3184,0.185,0.5231,29.8
600,10.0,,,63.818,gaussiano,9,0.09627,5033,500,0.3199,0.1847,0.523,30.9
601,10.017,,,63.571,gaussiano,9,0.09599,5992,500,0.3098,0.1861,0.5215,31.1
602,10.033,,,63.885,gaussiano,9,0.09626,4820,500,0.3207,0.1848,0.5233,32.3
603,10.05,,,63.786,gaussiano,9,0.0965,4771,500,0.32,0.1849,0.5231,31.2
604,10.067,,,63.4,gaussiano,9,0.09619,5781,500,0.3015,0.1876,0.5218,29.3
605,10.083,,,63.845,gaussiano,9,0.09582,5917,500,0.3208,0.1847,0.5234,31.3
606,10.1,,,63.745,gaussiano,9,0.09623,4450,500,0.3201,0.1847,0.5226,29.3
607,10.117,,,63.42,gaussiano,9,0.09616,6410,500,0.3068,0.1856,0.5215,29.1
608,10.133,,,63.655,gaussiano,9,0.09629,6227,500,0.3068,0.1856,0.5225,30.8
609,10.15,,,63.492,gaussiano,10,0.09651,5818,500,0.3066,0.1853,0.5221,29.2
610,10.167,,,63.403,gaussiano,9,0.09609,6482,500,0.3065,0.1857,0.5219,29.7
611,10.183,,,63.606,gaussiano,9,0.09587,7161,500,0.3077,0.1859,0.5222,30.6
612,10.2,,,63.505,gaussiano,10,0.09566,5613,500,0.3087,0.1858,0.5213,30.1
613,10.217,,,63.394,gaussiano,9,0.09607,6683,500,0.307,0.1858,0.5211,29.1
614,10.233,,,63.601,gaussiano,9,0.09622,6813,500,0.3091,0.1861,0.5218,29.0
615,10.25,,,63.534,gaussiano,9,0.09586,6978,500,0.3089,0.1859,0.5216,29.2
616,10.267,,,63.378,gaussiano,9,0.09616,7785,500,0.3095,0.1856,0.5209,28.8
617,10.283,,,63.621,gaussiano,10,0.09609,6396,500,0.3095,0.1861,0.5211,29.3
618,10.3,,,63.618,gaussiano,10,0.09578,6391,500,0.3202,0.1811,0.5237,32.3
619,10.317,,,63.537,gaussiano,9,0.09584,6364,500,0.3153,0.1831,0.5224,28.8
